Design,Protocol,Length,Seed,Helicity,Target_Hotspot,Sequence,InterfaceResidues,pLDDT,pTM,i_pTM,pAE,i_pAE,i_pLDDT,ss_pLDDT,Unrelaxed_Clashes,Relaxed_Clashes,Binder_Energy_Score,Surface_Hydrophobicity,ShapeComplementarity,PackStat,dG,dSASA,dG/dSASA,Interface_SASA_%,Interface_Hydrophobicity,n_InterfaceResidues,n_InterfaceHbonds,InterfaceHbondsPercentage,n_InterfaceUnsatHbonds,InterfaceUnsatHbondsPercentage,Interface_Helix%,Interface_BetaSheet%,Interface_Loop%,Binder_Helix%,Binder_BetaSheet%,Binder_Loop%,InterfaceAAs,Target_RMSD,TrajectoryTime,Notes,TargetSettings,Filters,AdvancedSettings
PDL1_l107_s445390,4stage,107,445390,-0.3,56,NPGLRKVMEEGYKMVDDPRNYPTIIEMVVDELANEMRIQFPNITEGAERYMKKGMRDELEQTQQDEKFFKHSFKPKYIPAHAGFYMVIAEDRVRRGMKEDRKEGETS,"B68,B71,B72,B76,B77,B79,B80,B81,B83,B84,B86,B87,B88,B90,B91,B94,B95,B98",0.9,0.8,0.69,0.17,0.17,0.87,0.9,6,0,-247.53,0.26,0.68,0.58,-42.82,1413.62,-3.03,23.0,44.44,18,6,33.33,1.0,5.56,91.67,0.0,8.33,83.18,0.0,16.82,"{'A': 1, 'C': 0, 'D': 1, 'E': 1, 'F': 2, 'G': 1, 'H': 2, 'I': 1, 'K': 2, 'L': 0, 'M': 1, 'N': 0, 'P': 1, 'Q': 0, 'R': 2, 'S': 1, 'T': 0, 'V': 1, 'W': 0, 'Y': 1}",1.2,"0 hours, 3 minutes, 59 seconds",,PDL1,default_filters,default_4stage_multimer
PDL1_l119_s335802,4stage,119,335802,-0.3,56,SMRETHARHYEVMKEMRGRSLAVFERALPYMVAHPDEMRDGEKSKRIYGRVVTEIGEVMRRGMERIRSYMPKDEDPKVVGLVTWLWYKMAHHRIYDEIEEMMIDEGIPVEEFTRMWNRM,"B2,B3,B6,B7,B10,B13,B77,B78,B81,B82,B84,B85,B86,B88,B89,B92,B93,B95,B96,B97,B99,B100,B103",0.95,0.86,0.81,0.13,0.09,0.92,0.95,1,0,-305.44,0.39,0.55,0.6,-52.76,1953.07,-2.7,29.99,56.52,23,8,34.78,3.0,13.04,100.0,0.0,0.0,84.87,0.0,15.13,"{'A': 1, 'C': 0, 'D': 1, 'E': 3, 'F': 0, 'G': 0, 'H': 2, 'I': 1, 'K': 2, 'L': 2, 'M': 3, 'N': 0, 'P': 0, 'Q': 0, 'R': 2, 'S': 0, 'T': 0, 'V': 2, 'W': 2, 'Y': 2}",0.36,"0 hours, 4 minutes, 20 seconds",,PDL1,default_filters,default_4stage_multimer
PDL1_l123_s765011,4stage,123,765011,-0.3,56,SVRLTPRQVRAMRVVFEIYQMSGTQREFSRRMKRFIREGGRQEWTVASKAVKKLMVGSRPNSKPNWPHKVAKYLFPEVDMDNYEDPRVREQAQEKEKMASRFVMQMLIFAMRNDKEWKLMMAP,"B23,B24,B25,B26,B55,B56,B57,B58,B59,B60,B61,B63,B65,B66,B67,B96,B97,B100,B101,B103,B104,B107,B108,B111,B112,B117,B121",0.92,0.9,0.88,0.15,0.1,0.88,0.95,4,0,-308.83,0.33,0.67,0.68,-50.65,2300.41,-2.2,32.76,44.44,27,6,22.22,5.0,18.52,72.73,0.0,27.27,72.36,0.0,27.64,"{'A': 0, 'C': 0, 'D': 0, 'E': 1, 'F': 0, 'G': 2, 'H': 0, 'I': 1, 'K': 2, 'L': 1, 'M': 4, 'N': 2, 'P': 2, 'Q': 1, 'R': 4, 'S': 2, 'T': 1, 'V': 2, 'W': 2, 'Y': 0}",0.73,"0 hours, 4 minutes, 31 seconds",,PDL1,default_filters,default_4stage_multimer
PDL1_l144_s878252,4stage,144,878252,-0.3,56,VPRPMTGPEKKMWREMYHLMRDMAETLKNMMERIRSGEVKPEPTNGSPEEEKIRTDDEISMMRMYHDTAEFHIRRMKNWNPTIPMYKEAQMMHIVMHQFINFFKNMDPARHRALQAEYKPLEARVNAIGAESLEVFAKPSDESR,"B53,B56,B57,B60,B61,B63,B64,B65,B67,B68,B71,B72,B74,B75,B90,B91,B94,B95,B98",0.86,0.87,0.86,0.19,0.14,0.92,0.91,3,0,-339.17,0.31,0.58,0.66,-44.84,1669.48,-2.69,19.88,42.11,19,13,68.42,0.0,0.0,100.0,0.0,0.0,75.0,0.0,25.0,"{'A': 0, 'C': 0, 'D': 3, 'E': 0, 'F': 1, 'G': 0, 'H': 1, 'I': 2, 'K': 0, 'L': 0, 'M': 3, 'N': 0, 'P': 0, 'Q': 2, 'R': 3, 'S': 1, 'T': 1, 'V': 1, 'W': 0, 'Y': 1}",0.38,"0 hours, 5 minutes, 19 seconds",,PDL1,default_filters,default_4stage_multimer
PDL1_l66_s292927,4stage,66,292927,-0.3,56,MTPAEREAKVDREYMPQINRLSKQVMEEWREHNPGGYWSDRVKYLSEQVIITYKRMSRELTMVRAM,"B7,B11,B15,B18,B19,B22,B23,B25,B26,B29,B30,B38,B42,B43,B46,B49,B50,B53,B54,B56,B57,B60,B61,B64",0.88,0.88,0.85,0.17,0.12,0.91,0.91,12,0,-142.59,0.43,0.64,0.7,-57.58,2085.89,-2.76,50.24,50.0,24,12,50.0,2.0,8.33,95.45,0.0,4.55,84.85,0.0,15.15,"{'A': 0, 'C': 0, 'D': 1, 'E': 1, 'F': 0, 'G': 0, 'H': 0, 'I': 2, 'K': 3, 'L': 1, 'M': 3, 'N': 1, 'P': 0, 'Q': 0, 'R': 2, 'S': 3, 'T': 1, 'V': 3, 'W': 2, 'Y': 1}",1.18,"0 hours, 2 minutes, 59 seconds",,PDL1,default_filters,default_4stage_multimer
PDL1_l127_s953686,4stage,127,953686,-0.3,56,SAEEQIKQMDIQVELYWRIMRNHWPWWKSHFPKLMEMFPTEPPDRMDPATRADLKEVQVRVFKAVWETPPEAGIWSRPNGWQHHWFAMGMMGAGWYALKKSEATGMPISEVPMAELITEFERVMSMF,"B4,B7,B8,B11,B12,B14,B15,B16,B18,B19,B22,B23,B80,B81,B83,B84",0.78,0.78,0.75,0.24,0.2,0.75,0.81,13,0,-276.69,0.39,0.65,0.57,-47.39,1680.91,-2.82,25.85,31.25,16,8,50.0,5.0,31.25,78.57,0.0,21.43,73.23,0.0,26.77,"{'A': 0, 'C': 0, 'D': 0, 'E': 2, 'F': 0, 'G': 1, 'H': 3, 'I': 2, 'K': 1, 'L': 1, 'M': 0, 'N': 1, 'P': 0, 'Q': 2, 'R': 1, 'S': 0, 'T': 0, 'V': 0, 'W': 1, 'Y': 1}",0.24,"0 hours, 4 minutes, 46 seconds",,PDL1,default_filters,default_4stage_multimer
PDL1_l77_s65234,4stage,77,65234,-0.3,56,PKELTVSQWWRNFFIMQINQYQGSVAEYRTEVEHALNHFRSMIEQVKEDEEKYAEYVRDFAEIRRVARVKEIKMRQS,"B3,B4,B5,B6,B9,B10,B13,B14,B17,B31,B34,B35,B38,B41,B42,B45",0.92,0.82,0.73,0.16,0.13,0.89,0.94,10,0,-187.19,0.3,0.66,0.62,-37.12,1410.42,-2.63,28.21,50.0,16,5,31.25,6.0,37.5,91.67,0.0,8.33,81.82,0.0,18.18,"{'A': 1, 'C': 0, 'D': 0, 'E': 2, 'F': 2, 'G': 0, 'H': 2, 'I': 0, 'K': 0, 'L': 1, 'M': 1, 'N': 0, 'P': 0, 'Q': 2, 'R': 0, 'S': 1, 'T': 1, 'V': 1, 'W': 2, 'Y': 0}",0.26,"0 hours, 3 minutes, 15 seconds",,PDL1,default_filters,default_4stage_multimer
PDL1_l88_s267699,4stage,88,267699,-0.3,56,PLYLSDAEMEEVMKEAPGLFGWQRFMIRYHVRHIMAYDNNMRWNSKTHTAIPVSPAEARERRPWHIEEMAQMFPKEAPVLMEIIEQKS,"B20,B21,B22,B24,B25,B26,B29,B33,B45,B46,B61,B64,B68,B72",0.82,0.76,0.58,0.21,0.2,0.77,0.84,10,0,-214.13,0.46,0.54,0.7,-29.23,1356.99,-2.15,28.97,50.0,14,4,28.57,1.0,7.14,70.0,0.0,30.0,62.5,9.09,28.41,"{'A': 0, 'C': 0, 'D': 0, 'E': 1, 'F': 2, 'G': 1, 'H': 1, 'I': 0, 'K': 1, 'L': 0, 'M': 2, 'N': 0, 'P': 0, 'Q': 0, 'R': 2, 'S': 1, 'T': 0, 'V': 0, 'W': 2, 'Y': 1}",1.18,"0 hours, 3 minutes, 28 seconds",,PDL1,default_filters,default_4stage_multimer
PDL1_l136_s957837,4stage,136,957837,-0.3,56,SREEIEPQIEEWMSEHRPTMRTFMVYAKELVENPNDDEPYDKVMQTIRVEAKTHGMDEAEMFHMWYPHFYIMRDIYRMQITEPREARDTYLQLWRERTPLTMKYWIKKHGWTAEWYEIMMEQMADVVDELMEEERM,"B30,B34,B35,B36,B37,B40,B41,B44,B48,B57,B58,B59,B62,B63,B66,B67,B70,B73,B77,B97,B98,B99,B100,B101,B103,B104",0.91,0.82,0.76,0.15,0.13,0.87,0.91,9,0,-325.96,0.3,0.6,0.68,-56.02,2106.89,-2.66,31.04,46.15,26,11,42.31,5.0,19.23,80.0,0.0,20.0,85.29,0.0,14.71,"{'A': 1, 'C': 0, 'D': 4, 'E': 1, 'F': 1, 'G': 0, 'H': 1, 'I': 0, 'K': 1, 'L': 2, 'M': 1, 'N': 1, 'P': 3, 'Q': 0, 'R': 4, 'S': 0, 'T': 2, 'V': 0, 'W': 0, 'Y': 4}",0.29,"0 hours, 5 minutes, 10 seconds",,PDL1,default_filters,default_4stage_multimer
PDL1_l86_s253428,4stage,86,253428,-0.3,56,SERWMQQTTHRRWMSMVETMIRWVNRSITYHFETAPKRPLTGHERTRFNRTFETLRNMNRWFYHMHEEVEIAYEEGSMMELVRRMS,"B21,B22,B25,B26,B28,B29,B32,B33,B35,B36,B37,B38,B39,B40,B45,B48,B49,B52,B53,B56,B59,B60,B63,B64,B66,B67",0.93,0.86,0.84,0.14,0.1,0.92,0.94,1,0,-194.55,0.32,0.61,0.66,-53.73,2279.5,-2.36,39.65,38.46,26,7,26.92,5.0,19.23,80.95,0.0,19.05,84.88,0.0,15.12,"{'A': 1, 'C': 0, 'D': 0, 'E': 3, 'F': 3, 'G': 0, 'H': 2, 'I': 2, 'K': 1, 'L': 1, 'M': 0, 'N': 3, 'P': 2, 'Q': 0, 'R': 6, 'S': 0, 'T': 1, 'V': 0, 'W': 0, 'Y': 1}",0.42,"0 hours, 3 minutes, 28 seconds",,PDL1,default_filters,default_4stage_multimer
PDL1_l75_s821168,4stage,75,821168,-0.3,56,SEELREMEHDVRHVGMMARLVRGEVEEHEELRRRYGENANTRMTGKQLETWRKSADAWREIYHELRGKYEKKRNR,"B6,B9,B10,B12,B13,B14,B16,B17,B20,B21,B24,B28,B42,B43,B47,B50,B51,B53,B54,B57,B58,B61,B65",0.91,0.87,0.85,0.15,0.1,0.94,0.93,11,0,-183.39,0.19,0.72,0.65,-53.6,1900.02,-2.82,36.24,47.83,23,5,21.74,7.0,30.43,95.45,0.0,4.55,89.33,0.0,10.67,"{'A': 1, 'C': 0, 'D': 1, 'E': 2, 'F': 0, 'G': 0, 'H': 3, 'I': 1, 'K': 1, 'L': 2, 'M': 3, 'N': 0, 'P': 0, 'Q': 1, 'R': 2, 'S': 1, 'T': 1, 'V': 2, 'W': 2, 'Y': 0}",0.42,"0 hours, 3 minutes, 15 seconds",,PDL1,default_filters,default_4stage_multimer
PDL1_l120_s274591,4stage,120,274591,-0.3,56,SPNREKIIVYKELIEDTRIVYEYVRKEMESNPNPDGEGTTEDEMRPFKREVMHQVMELYRRYRPFMERHGGEDIRVVLRMMRMMVRKSKSYRDMDKKFMAVFLFSKAFMTERIERLRAKG,"B72,B76,B79,B80,B83,B84,B87,B93,B96,B97,B99,B100,B101,B103,B104,B107,B108,B111,B112,B115",0.91,0.87,0.83,0.16,0.12,0.92,0.94,16,0,-286.39,0.32,0.68,0.66,-43.45,1783.27,-2.44,27.55,55.0,20,4,20.0,6.0,30.0,100.0,0.0,0.0,85.0,0.0,15.0,"{'A': 2, 'C': 0, 'D': 1, 'E': 2, 'F': 2, 'G': 0, 'H': 0, 'I': 0, 'K': 3, 'L': 1, 'M': 4, 'N': 0, 'P': 0, 'Q': 0, 'R': 3, 'S': 0, 'T': 0, 'V': 2, 'W': 0, 'Y': 0}",0.36,"0 hours, 4 minutes, 34 seconds",,PDL1,default_filters,default_4stage_multimer
PDL1_l70_s638299,4stage,70,638299,-0.3,56,SAFRRMRRFNGTPEAKAIIAEAMRKTRYMFHDWSMTHHGMPPEEKFNSFVEVVDRMEAVVAEHMREARNA,"B1,B3,B4,B6,B7,B8,B23,B26,B27,B30,B31,B33,B34,B38,B39,B40,B42,B43,B45,B46,B49,B50,B53,B56",0.92,0.88,0.86,0.13,0.08,0.9,0.94,3,0,-156.99,0.36,0.66,0.66,-53.91,2031.84,-2.65,47.2,50.0,24,6,25.0,3.0,12.5,84.21,0.0,15.79,82.86,0.0,17.14,"{'A': 0, 'C': 0, 'D': 0, 'E': 1, 'F': 4, 'G': 1, 'H': 2, 'I': 0, 'K': 1, 'L': 0, 'M': 4, 'N': 0, 'P': 1, 'Q': 0, 'R': 4, 'S': 2, 'T': 1, 'V': 2, 'W': 1, 'Y': 0}",0.32,"0 hours, 3 minutes, 15 seconds",,PDL1,default_filters,default_4stage_multimer
PDL1_l90_s633877,4stage,90,633877,-0.3,56,PQEEFIAEMREVSVEAVHDPRRAVTRMEAIYVREVARAMASTEDTPYTRMFRGFANPTVRTWWVQRQVRWFADDPVRHMPTFERWMRPAM,"B46,B49,B50,B52,B53,B54,B56,B58,B59,B62,B63,B66,B67,B70,B74,B77,B78,B81,B84,B85,B86,B88",0.92,0.87,0.83,0.13,0.1,0.9,0.94,6,0,-225.82,0.42,0.63,0.61,-54.6,2080.52,-2.62,43.38,45.45,22,8,36.36,5.0,22.73,86.67,0.0,13.33,82.22,0.0,17.78,"{'A': 0, 'C': 0, 'D': 1, 'E': 0, 'F': 1, 'G': 1, 'H': 1, 'I': 0, 'K': 0, 'L': 0, 'M': 2, 'N': 1, 'P': 2, 'Q': 1, 'R': 5, 'S': 0, 'T': 2, 'V': 1, 'W': 4, 'Y': 0}",0.3,"0 hours, 3 minutes, 34 seconds",,PDL1,default_filters,default_4stage_multimer
PDL1_l73_s544486,4stage,73,544486,-0.3,56,SMTAHDRKEVARLTAEVELIKKGTMEEEAMHRVHRRTREIIKEHSQMGTMPRQLMWVILQVNAALYKYPAVLS,"B34,B38,B41,B42,B45,B46,B47,B48,B49,B50,B52,B55,B56,B58,B59,B60,B62,B63,B66,B72,B73",0.93,0.87,0.85,0.12,0.08,0.9,0.94,4,0,-185.86,0.34,0.62,0.65,-58.93,2246.77,-2.62,53.28,47.62,21,11,52.38,5.0,23.81,76.47,0.0,23.53,79.45,0.0,20.55,"{'A': 1, 'C': 0, 'D': 0, 'E': 0, 'F': 0, 'G': 1, 'H': 1, 'I': 2, 'K': 1, 'L': 2, 'M': 3, 'N': 1, 'P': 0, 'Q': 2, 'R': 2, 'S': 2, 'T': 1, 'V': 0, 'W': 1, 'Y': 1}",0.37,"0 hours, 3 minutes, 24 seconds",,PDL1,default_filters,default_4stage_multimer
PDL1_l116_s130761,4stage,116,130761,-0.3,56,SVAEAEEVMKEVMVAAMRNGHKPTEKSREVAREPRMLAAIKEAWIEEMERMGINETEPKSWEGRPLSPEEFVVKASMDWGFWRWFGRLHDANRAGAPKEVHRPIMREWNEMEWRTS,"B21,B48,B51,B53,B55,B61,B62,B74,B77,B81,B82,B85,B88,B89,B92,B93,B96,B97,B98,B101,B105,B106,B108,B109,B112,B113,B116",0.9,0.85,0.8,0.15,0.11,0.85,0.92,32,0,-280.74,0.34,0.67,0.64,-63.73,2498.3,-2.55,40.41,51.85,27,10,37.04,5.0,18.52,72.73,0.0,27.27,71.55,0.0,28.45,"{'A': 1, 'C': 0, 'D': 0, 'E': 3, 'F': 2, 'G': 0, 'H': 3, 'I': 1, 'K': 2, 'L': 1, 'M': 4, 'N': 2, 'P': 1, 'Q': 0, 'R': 2, 'S': 1, 'T': 0, 'V': 0, 'W': 4, 'Y': 0}",0.27,"0 hours, 4 minutes, 27 seconds",,PDL1,default_filters,default_4stage_multimer
PDL1_l68_s374249,4stage,68,374249,-0.3,56,IMAGMPREEKIRVMDALLMEAHGGPNGPQASAAFHALAWEMHKTVEGREIFHQVMHNFFRAMEGKPIM,"B18,B21,B22,B23,B28,B31,B34,B35,B38,B39,B42,B48,B51,B52,B55,B56,B58,B59,B62,B63",0.9,0.88,0.86,0.14,0.09,0.93,0.93,8,0,-154.65,0.53,0.72,0.72,-50.28,1991.81,-2.52,55.61,55.0,20,4,20.0,6.0,30.0,94.12,0.0,5.88,75.0,0.0,25.0,"{'A': 2, 'C': 0, 'D': 0, 'E': 1, 'F': 4, 'G': 1, 'H': 5, 'I': 0, 'K': 0, 'L': 1, 'M': 2, 'N': 0, 'P': 1, 'Q': 0, 'R': 1, 'S': 1, 'T': 0, 'V': 0, 'W': 1, 'Y': 0}",0.29,"0 hours, 3 minutes, 10 seconds",,PDL1,default_filters,default_4stage_multimer
PDL1_l80_s451582,4stage,80,451582,-0.3,56,PIDYEKALRMPRREFRRVMRTELFRLMEKEVIMSQGRPVNRSERRFVMRVVQFVLRHDRRFVVNRAMRLQRSVQREEARR,"B27,B30,B31,B33,B34,B35,B37,B39,B43,B46,B47,B49,B50,B53,B54,B56,B57,B61,B65,B68,B69,B72,B75,B76",0.94,0.87,0.85,0.13,0.08,0.94,0.95,1,0,-210.76,0.29,0.59,0.65,-51.03,2101.83,-2.43,40.56,45.83,24,9,37.5,7.0,29.17,90.0,0.0,10.0,80.0,0.0,20.0,"{'A': 0, 'C': 0, 'D': 0, 'E': 3, 'F': 3, 'G': 0, 'H': 1, 'I': 0, 'K': 0, 'L': 1, 'M': 2, 'N': 0, 'P': 0, 'Q': 1, 'R': 6, 'S': 2, 'T': 0, 'V': 5, 'W': 0, 'Y': 0}",0.94,"0 hours, 3 minutes, 29 seconds","Absorption value is 1.48, consider adding tryptophane to design.",PDL1,default_filters,default_4stage_multimer
PDL1_l136_s216931,4stage,136,216931,-0.3,56,MSMSPEEIRERGKDLPPHLRNMMDVIAILMEFLDKPPEALRAAPQEIKDDIHFVWRFSHFLMSRFFPNFRHEYRKKRRQGMDMSKFTRTFVTFIQDEENHEAVREHFENAVKDPGDMETHLLDIFHMVWEAYRAAT,"B9,B17,B18,B20,B21,B24,B25,B28,B32,B46,B49,B50,B52,B53,B54,B56,B57,B60,B61,B64,B65,B84,B88",0.94,0.89,0.86,0.12,0.09,0.94,0.95,17,0,-337.96,0.24,0.62,0.68,-47.47,1981.26,-2.4,30.75,43.48,23,6,26.09,2.0,8.7,100.0,0.0,0.0,83.09,0.0,16.91,"{'A': 0, 'C': 0, 'D': 3, 'E': 1, 'F': 5, 'G': 0, 'H': 2, 'I': 1, 'K': 0, 'L': 1, 'M': 0, 'N': 1, 'P': 1, 'Q': 0, 'R': 5, 'S': 1, 'T': 0, 'V': 2, 'W': 0, 'Y': 0}",0.35,"0 hours, 5 minutes, 15 seconds",,PDL1,default_filters,default_4stage_multimer
